epoch,train_loss,val_loss,train_iou,val_iou,lr
1,0.235660,0.168110,0.918363,0.957642,1.000000e-03
2,0.087469,0.058618,0.960416,0.977111,1.000000e-03
3,0.057032,0.040557,0.964628,0.978151,1.000000e-03
4,0.045547,0.029562,0.968777,0.977945,1.000000e-03
5,0.041082,0.031352,0.969776,0.979133,1.000000e-03
6,0.038233,0.028667,0.971255,0.978451,1.000000e-03
7,0.038557,0.031424,0.968619,0.977975,1.000000e-03
8,0.038018,0.025867,0.970530,0.980802,1.000000e-03
9,0.034901,0.024445,0.972600,0.980322,1.000000e-03
10,0.034332,0.024705,0.971618,0.981771,1.000000e-03
11,0.035082,0.025079,0.971170,0.978673,1.000000e-03
12,0.032383,0.020753,0.972969,0.981854,1.000000e-03
13,0.032614,0.023846,0.972310,0.980563,1.000000e-03
14,0.030695,0.027419,0.973810,0.974565,1.000000e-03
15,0.029360,0.023318,0.973685,0.977818,1.000000e-03
16,0.026012,0.032588,0.975965,0.971998,1.000000e-03
17,0.027202,0.038095,0.975379,0.973630,1.000000e-03
18,0.029827,0.019437,0.974210,0.982437,1.000000e-03
19,0.023207,0.024024,0.978865,0.980119,1.000000e-03
20,0.022016,0.021155,0.980157,0.979236,1.000000e-03
21,0.022051,0.013101,0.980530,0.987368,1.000000e-03
22,0.023943,0.030290,0.979285,0.974611,1.000000e-03
23,0.021034,0.025751,0.980215,0.979500,1.000000e-03
24,0.017805,0.024521,0.983399,0.981012,1.000000e-03
25,0.019845,0.016535,0.981828,0.983937,1.000000e-03
26,0.021559,0.018604,0.979372,0.979961,1.000000e-03
27,0.016655,0.027344,0.984275,0.979894,1.000000e-03
28,0.015198,0.023383,0.985662,0.981254,1.000000e-03
29,0.014203,0.025602,0.986176,0.979041,1.000000e-03
30,0.014346,0.026245,0.986286,0.980135,1.000000e-03
